sitename,city,lat,lon,trait_description,cultivar,days_to_flowering,gdd_to_flowering,date_of_flowering
Clemson University Pee Dee Research and Education Center,Florence,34.289,-79.737,"Number of days from sowing to the date when 50% of the plants in a plot reach flowering (anthesis), defined as the time when 50% of the anthers on 50% of the plants in a plot have emerged.",PI181899,68.0,1051.0,2014-07-13
Clemson University Pee Dee Research and Education Center,Florence,34.289,-79.737,"Number of days from sowing to the date when 50% of the plants in a plot reach flowering (anthesis), defined as the time when 50% of the anthers on 50% of the plants in a plot have emerged.",PI542718,68.0,1051.0,2014-07-13
Clemson University Pee Dee Research and Education Center,Florence,34.289,-79.737,"Number of days from sowing to the date when 50% of the plants in a plot reach flowering (anthesis), defined as the time when 50% of the anthers on 50% of the plants in a plot have emerged.",PI641830,68.0,1051.0,2014-07-13
Clemson University Pee Dee Research and Education Center,Florence,34.289,-79.737,"Number of days from sowing to the date when 50% of the plants in a plot reach flowering (anthesis), defined as the time when 50% of the anthers on 50% of the plants in a plot have emerged.",PI641836,68.0,1051.0,2014-07-13
Clemson University Pee Dee Research and Education Center,Florence,34.289,-79.737,"Number of days from sowing to the date when 50% of the plants in a plot reach flowering (anthesis), defined as the time when 50% of the anthers on 50% of the plants in a plot have emerged.",PI218112,69.0,1069.0,2014-07-14
Clemson University Pee Dee Research and Education Center,Florence,34.289,-79.737,"Number of days from sowing to the date when 50% of the plants in a plot reach flowering (anthesis), defined as the time when 50% of the anthers on 50% of the plants in a plot have emerged.",PI253986,69.0,1069.0,2014-07-14
Clemson University Pee Dee Research and Education Center,Florence,34.289,-79.737,"Number of days from sowing to the date when 50% of the plants in a plot reach flowering (anthesis), defined as the time when 50% of the anthers on 50% of the plants in a plot have emerged.",PI535795,69.0,1069.0,2014-07-14
Clemson University Pee Dee Research and Education Center,Florence,34.289,-79.737,"Number of days from sowing to the date when 50% of the plants in a plot reach flowering (anthesis), defined as the time when 50% of the anthers on 50% of the plants in a plot have emerged.",PI540518,69.0,1069.0,2014-07-14
Clemson University Pee Dee Research and Education Center,Florence,34.289,-79.737,"Number of days from sowing to the date when 50% of the plants in a plot reach flowering (anthesis), defined as the time when 50% of the anthers on 50% of the plants in a plot have emerged.",PI550604,69.0,1069.0,2014-07-14
Clemson University Pee Dee Research and Education Center,Florence,34.289,-79.737,"Number of days from sowing to the date when 50% of the plants in a plot reach flowering (anthesis), defined as the time when 50% of the anthers on 50% of the plants in a plot have emerged.",PI655972,69.0,1069.0,2014-07-14
Clemson University Pee Dee Research and Education Center,Florence,34.289,-79.737,"Number of days from sowing to the date when 50% of the plants in a plot reach flowering (anthesis), defined as the time when 50% of the anthers on 50% of the plants in a plot have emerged.",PI656015,69.0,1069.0,2014-07-14
Clemson University Pee Dee Research and Education Center,Florence,34.289,-79.737,"Number of days from sowing to the date when 50% of the plants in a plot reach flowering (anthesis), defined as the time when 50% of the anthers on 50% of the plants in a plot have emerged.",PI180348,70.0,1088.0,2014-07-15
Clemson University Pee Dee Research and Education Center,Florence,34.289,-79.737,"Number of days from sowing to the date when 50% of the plants in a plot reach flowering (anthesis), defined as the time when 50% of the anthers on 50% of the plants in a plot have emerged.",PI181083,70.0,1088.0,2014-07-15
Clemson University Pee Dee Research and Education Center,Florence,34.289,-79.737,"Number of days from sowing to the date when 50% of the plants in a plot reach flowering (anthesis), defined as the time when 50% of the anthers on 50% of the plants in a plot have emerged.",PI535783,70.0,1088.0,2014-07-15
Clemson University Pee Dee Research and Education Center,Florence,34.289,-79.737,"Number of days from sowing to the date when 50% of the plants in a plot reach flowering (anthesis), defined as the time when 50% of the anthers on 50% of the plants in a plot have emerged.",PI576399,70.0,1088.0,2014-07-15
Clemson University Pee Dee Research and Education Center,Florence,34.289,-79.737,"Number of days from sowing to the date when 50% of the plants in a plot reach flowering (anthesis), defined as the time when 50% of the anthers on 50% of the plants in a plot have emerged.",PI593916,70.0,1088.0,2014-07-15
Clemson University Pee Dee Research and Education Center,Florence,34.289,-79.737,"Number of days from sowing to the date when 50% of the plants in a plot reach flowering (anthesis), defined as the time when 50% of the anthers on 50% of the plants in a plot have emerged.",PI92270,70.0,1088.0,2014-07-15
Clemson University Pee Dee Research and Education Center,Florence,34.289,-79.737,"Number of days from sowing to the date when 50% of the plants in a plot reach flowering (anthesis), defined as the time when 50% of the anthers on 50% of the plants in a plot have emerged.",PI157804,71.0,1104.0,2014-07-16
Clemson University Pee Dee Research and Education Center,Florence,34.289,-79.737,"Number of days from sowing to the date when 50% of the plants in a plot reach flowering (anthesis), defined as the time when 50% of the anthers on 50% of the plants in a plot have emerged.",PI179749,71.0,1104.0,2014-07-16
Clemson University Pee Dee Research and Education Center,Florence,34.289,-79.737,"Number of days from sowing to the date when 50% of the plants in a plot reach flowering (anthesis), defined as the time when 50% of the anthers on 50% of the plants in a plot have emerged.",PI365512,71.0,1104.0,2014-07-16
Clemson University Pee Dee Research and Education Center,Florence,34.289,-79.737,"Number of days from sowing to the date when 50% of the plants in a plot reach flowering (anthesis), defined as the time when 50% of the anthers on 50% of the plants in a plot have emerged.",PI641817,71.0,1104.0,2014-07-16
Clemson University Pee Dee Research and Education Center,Florence,34.289,-79.737,"Number of days from sowing to the date when 50% of the plants in a plot reach flowering (anthesis), defined as the time when 50% of the anthers on 50% of the plants in a plot have emerged.",PI656065,71.0,1104.0,2014-07-16
Clemson University Pee Dee Research and Education Center,Florence,34.289,-79.737,"Number of days from sowing to the date when 50% of the plants in a plot reach flowering (anthesis), defined as the time when 50% of the anthers on 50% of the plants in a plot have emerged.",PI534165,72.0,1119.0,2014-07-17
Clemson University Pee Dee Research and Education Center,Florence,34.289,-79.737,"Number of days from sowing to the date when 50% of the plants in a plot reach flowering (anthesis), defined as the time when 50% of the anthers on 50% of the plants in a plot have emerged.",PI535794,72.0,1119.0,2014-07-17
Clemson University Pee Dee Research and Education Center,Florence,34.289,-79.737,"Number of days from sowing to the date when 50% of the plants in a plot reach flowering (anthesis), defined as the time when 50% of the anthers on 50% of the plants in a plot have emerged.",PI641807,72.5,1119.0,2014-07-17
Clemson University Pee Dee Research and Education Center,Florence,34.289,-79.737,"Number of days from sowing to the date when 50% of the plants in a plot reach flowering (anthesis), defined as the time when 50% of the anthers on 50% of the plants in a plot have emerged.",PI535796,72.5,1119.0,2014-07-17
Clemson University Pee Dee Research and Education Center,Florence,34.289,-79.737,"Number of days from sowing to the date when 50% of the plants in a plot reach flowering (anthesis), defined as the time when 50% of the anthers on 50% of the plants in a plot have emerged.",PI656035,73.0,1134.0,2014-07-18
Clemson University Pee Dee Research and Education Center,Florence,34.289,-79.737,"Number of days from sowing to the date when 50% of the plants in a plot reach flowering (anthesis), defined as the time when 50% of the anthers on 50% of the plants in a plot have emerged.",PI641862,73.5,1134.0,2014-07-18
Clemson University Pee Dee Research and Education Center,Florence,34.289,-79.737,"Number of days from sowing to the date when 50% of the plants in a plot reach flowering (anthesis), defined as the time when 50% of the anthers on 50% of the plants in a plot have emerged.",PI154988,74.0,1150.0,2014-07-19
Clemson University Pee Dee Research and Education Center,Florence,34.289,-79.737,"Number of days from sowing to the date when 50% of the plants in a plot reach flowering (anthesis), defined as the time when 50% of the anthers on 50% of the plants in a plot have emerged.",PI564163,74.0,1150.0,2014-07-19
Clemson University Pee Dee Research and Education Center,Florence,34.289,-79.737,"Number of days from sowing to the date when 50% of the plants in a plot reach flowering (anthesis), defined as the time when 50% of the anthers on 50% of the plants in a plot have emerged.",PI641821,74.0,1150.0,2014-07-19
Clemson University Pee Dee Research and Education Center,Florence,34.289,-79.737,"Number of days from sowing to the date when 50% of the plants in a plot reach flowering (anthesis), defined as the time when 50% of the anthers on 50% of the plants in a plot have emerged.",PI213900,74.5,1150.0,2014-07-19
Clemson University Pee Dee Research and Education Center,Florence,34.289,-79.737,"Number of days from sowing to the date when 50% of the plants in a plot reach flowering (anthesis), defined as the time when 50% of the anthers on 50% of the plants in a plot have emerged.",PI35038,74.5,1150.0,2014-07-19
Clemson University Pee Dee Research and Education Center,Florence,34.289,-79.737,"Number of days from sowing to the date when 50% of the plants in a plot reach flowering (anthesis), defined as the time when 50% of the anthers on 50% of the plants in a plot have emerged.",PI561840,74.5,1150.0,2014-07-19
Clemson University Pee Dee Research and Education Center,Florence,34.289,-79.737,"Number of days from sowing to the date when 50% of the plants in a plot reach flowering (anthesis), defined as the time when 50% of the anthers on 50% of the plants in a plot have emerged.",PI196586,75.0,1164.0,2014-07-20
Clemson University Pee Dee Research and Education Center,Florence,34.289,-79.737,"Number of days from sowing to the date when 50% of the plants in a plot reach flowering (anthesis), defined as the time when 50% of the anthers on 50% of the plants in a plot have emerged.",PI297155,75.0,1164.0,2014-07-20
Clemson University Pee Dee Research and Education Center,Florence,34.289,-79.737,"Number of days from sowing to the date when 50% of the plants in a plot reach flowering (anthesis), defined as the time when 50% of the anthers on 50% of the plants in a plot have emerged.",PI535792,75.0,1164.0,2014-07-20
Clemson University Pee Dee Research and Education Center,Florence,34.289,-79.737,"Number of days from sowing to the date when 50% of the plants in a plot reach flowering (anthesis), defined as the time when 50% of the anthers on 50% of the plants in a plot have emerged.",PI655981,75.0,1164.0,2014-07-20
Clemson University Pee Dee Research and Education Center,Florence,34.289,-79.737,"Number of days from sowing to the date when 50% of the plants in a plot reach flowering (anthesis), defined as the time when 50% of the anthers on 50% of the plants in a plot have emerged.",PI527045,76.0,1180.0,2014-07-21
Clemson University Pee Dee Research and Education Center,Florence,34.289,-79.737,"Number of days from sowing to the date when 50% of the plants in a plot reach flowering (anthesis), defined as the time when 50% of the anthers on 50% of the plants in a plot have emerged.",PI52606,76.5,1180.0,2014-07-21
Clemson University Pee Dee Research and Education Center,Florence,34.289,-79.737,"Number of days from sowing to the date when 50% of the plants in a plot reach flowering (anthesis), defined as the time when 50% of the anthers on 50% of the plants in a plot have emerged.",PI533902,76.5,1180.0,2014-07-21
Clemson University Pee Dee Research and Education Center,Florence,34.289,-79.737,"Number of days from sowing to the date when 50% of the plants in a plot reach flowering (anthesis), defined as the time when 50% of the anthers on 50% of the plants in a plot have emerged.",PI642998,76.5,1180.0,2014-07-21
Clemson University Pee Dee Research and Education Center,Florence,34.289,-79.737,"Number of days from sowing to the date when 50% of the plants in a plot reach flowering (anthesis), defined as the time when 50% of the anthers on 50% of the plants in a plot have emerged.",PI144134,77.0,1195.0,2014-07-22
Clemson University Pee Dee Research and Education Center,Florence,34.289,-79.737,"Number of days from sowing to the date when 50% of the plants in a plot reach flowering (anthesis), defined as the time when 50% of the anthers on 50% of the plants in a plot have emerged.",PI152828,77.0,1195.0,2014-07-22
Clemson University Pee Dee Research and Education Center,Florence,34.289,-79.737,"Number of days from sowing to the date when 50% of the plants in a plot reach flowering (anthesis), defined as the time when 50% of the anthers on 50% of the plants in a plot have emerged.",PI181080,77.0,1195.0,2014-07-22
Clemson University Pee Dee Research and Education Center,Florence,34.289,-79.737,"Number of days from sowing to the date when 50% of the plants in a plot reach flowering (anthesis), defined as the time when 50% of the anthers on 50% of the plants in a plot have emerged.",PI197542,77.0,1195.0,2014-07-22
Clemson University Pee Dee Research and Education Center,Florence,34.289,-79.737,"Number of days from sowing to the date when 50% of the plants in a plot reach flowering (anthesis), defined as the time when 50% of the anthers on 50% of the plants in a plot have emerged.",PI526905,77.0,1195.0,2014-07-22
Clemson University Pee Dee Research and Education Center,Florence,34.289,-79.737,"Number of days from sowing to the date when 50% of the plants in a plot reach flowering (anthesis), defined as the time when 50% of the anthers on 50% of the plants in a plot have emerged.",PI63715,77.0,1195.0,2014-07-22
Clemson University Pee Dee Research and Education Center,Florence,34.289,-79.737,"Number of days from sowing to the date when 50% of the plants in a plot reach flowering (anthesis), defined as the time when 50% of the anthers on 50% of the plants in a plot have emerged.",PI19770,77.5,1195.0,2014-07-22
Clemson University Pee Dee Research and Education Center,Florence,34.289,-79.737,"Number of days from sowing to the date when 50% of the plants in a plot reach flowering (anthesis), defined as the time when 50% of the anthers on 50% of the plants in a plot have emerged.",PI641810,77.5,1195.0,2014-07-22
Clemson University Pee Dee Research and Education Center,Florence,34.289,-79.737,"Number of days from sowing to the date when 50% of the plants in a plot reach flowering (anthesis), defined as the time when 50% of the anthers on 50% of the plants in a plot have emerged.",PI641815,78.0,1212.0,2014-07-23
Clemson University Pee Dee Research and Education Center,Florence,34.289,-79.737,"Number of days from sowing to the date when 50% of the plants in a plot reach flowering (anthesis), defined as the time when 50% of the anthers on 50% of the plants in a plot have emerged.",PI641860,78.0,1212.0,2014-07-23
Clemson University Pee Dee Research and Education Center,Florence,34.289,-79.737,"Number of days from sowing to the date when 50% of the plants in a plot reach flowering (anthesis), defined as the time when 50% of the anthers on 50% of the plants in a plot have emerged.",PI145633,78.5,1212.0,2014-07-23
Clemson University Pee Dee Research and Education Center,Florence,34.289,-79.737,"Number of days from sowing to the date when 50% of the plants in a plot reach flowering (anthesis), defined as the time when 50% of the anthers on 50% of the plants in a plot have emerged.",PI195754,78.5,1212.0,2014-07-23
Clemson University Pee Dee Research and Education Center,Florence,34.289,-79.737,"Number of days from sowing to the date when 50% of the plants in a plot reach flowering (anthesis), defined as the time when 50% of the anthers on 50% of the plants in a plot have emerged.",PI534120,78.5,1212.0,2014-07-23
Clemson University Pee Dee Research and Education Center,Florence,34.289,-79.737,"Number of days from sowing to the date when 50% of the plants in a plot reach flowering (anthesis), defined as the time when 50% of the anthers on 50% of the plants in a plot have emerged.",PI300119,79.0,1230.0,2014-07-24
Clemson University Pee Dee Research and Education Center,Florence,34.289,-79.737,"Number of days from sowing to the date when 50% of the plants in a plot reach flowering (anthesis), defined as the time when 50% of the anthers on 50% of the plants in a plot have emerged.",PI170787,80.0,1247.0,2014-07-25
Clemson University Pee Dee Research and Education Center,Florence,34.289,-79.737,"Number of days from sowing to the date when 50% of the plants in a plot reach flowering (anthesis), defined as the time when 50% of the anthers on 50% of the plants in a plot have emerged.",PI22913,80.0,1247.0,2014-07-25
Clemson University Pee Dee Research and Education Center,Florence,34.289,-79.737,"Number of days from sowing to the date when 50% of the plants in a plot reach flowering (anthesis), defined as the time when 50% of the anthers on 50% of the plants in a plot have emerged.",PI329435,80.0,1247.0,2014-07-25
Clemson University Pee Dee Research and Education Center,Florence,34.289,-79.737,"Number of days from sowing to the date when 50% of the plants in a plot reach flowering (anthesis), defined as the time when 50% of the anthers on 50% of the plants in a plot have emerged.",PI535793,80.0,1247.0,2014-07-25
Clemson University Pee Dee Research and Education Center,Florence,34.289,-79.737,"Number of days from sowing to the date when 50% of the plants in a plot reach flowering (anthesis), defined as the time when 50% of the anthers on 50% of the plants in a plot have emerged.",PI586499,80.5,1247.0,2014-07-25
Clemson University Pee Dee Research and Education Center,Florence,34.289,-79.737,"Number of days from sowing to the date when 50% of the plants in a plot reach flowering (anthesis), defined as the time when 50% of the anthers on 50% of the plants in a plot have emerged.",PI196598,81.0,1263.0,2014-07-26
Clemson University Pee Dee Research and Education Center,Florence,34.289,-79.737,"Number of days from sowing to the date when 50% of the plants in a plot reach flowering (anthesis), defined as the time when 50% of the anthers on 50% of the plants in a plot have emerged.",PI226096,81.0,1263.0,2014-07-26
Clemson University Pee Dee Research and Education Center,Florence,34.289,-79.737,"Number of days from sowing to the date when 50% of the plants in a plot reach flowering (anthesis), defined as the time when 50% of the anthers on 50% of the plants in a plot have emerged.",PI175919,82.0,1281.0,2014-07-27
Clemson University Pee Dee Research and Education Center,Florence,34.289,-79.737,"Number of days from sowing to the date when 50% of the plants in a plot reach flowering (anthesis), defined as the time when 50% of the anthers on 50% of the plants in a plot have emerged.",PI176766,82.0,1281.0,2014-07-27
Clemson University Pee Dee Research and Education Center,Florence,34.289,-79.737,"Number of days from sowing to the date when 50% of the plants in a plot reach flowering (anthesis), defined as the time when 50% of the anthers on 50% of the plants in a plot have emerged.",PI533792,82.0,1281.0,2014-07-27
Clemson University Pee Dee Research and Education Center,Florence,34.289,-79.737,"Number of days from sowing to the date when 50% of the plants in a plot reach flowering (anthesis), defined as the time when 50% of the anthers on 50% of the plants in a plot have emerged.",PI641829,82.0,1281.0,2014-07-27
Clemson University Pee Dee Research and Education Center,Florence,34.289,-79.737,"Number of days from sowing to the date when 50% of the plants in a plot reach flowering (anthesis), defined as the time when 50% of the anthers on 50% of the plants in a plot have emerged.",PI641835,82.0,1281.0,2014-07-27
Clemson University Pee Dee Research and Education Center,Florence,34.289,-79.737,"Number of days from sowing to the date when 50% of the plants in a plot reach flowering (anthesis), defined as the time when 50% of the anthers on 50% of the plants in a plot have emerged.",PI302252,83.0,1300.0,2014-07-28
Clemson University Pee Dee Research and Education Center,Florence,34.289,-79.737,"Number of days from sowing to the date when 50% of the plants in a plot reach flowering (anthesis), defined as the time when 50% of the anthers on 50% of the plants in a plot have emerged.",PI535785,83.0,1300.0,2014-07-28
Clemson University Pee Dee Research and Education Center,Florence,34.289,-79.737,"Number of days from sowing to the date when 50% of the plants in a plot reach flowering (anthesis), defined as the time when 50% of the anthers on 50% of the plants in a plot have emerged.",PI641834,83.0,1300.0,2014-07-28
Clemson University Pee Dee Research and Education Center,Florence,34.289,-79.737,"Number of days from sowing to the date when 50% of the plants in a plot reach flowering (anthesis), defined as the time when 50% of the anthers on 50% of the plants in a plot have emerged.",PI655978,84.0,1316.0,2014-07-29
Clemson University Pee Dee Research and Education Center,Florence,34.289,-79.737,"Number of days from sowing to the date when 50% of the plants in a plot reach flowering (anthesis), defined as the time when 50% of the anthers on 50% of the plants in a plot have emerged.",PI586537,85.5,1330.0,2014-07-30
Clemson University Pee Dee Research and Education Center,Florence,34.289,-79.737,"Number of days from sowing to the date when 50% of the plants in a plot reach flowering (anthesis), defined as the time when 50% of the anthers on 50% of the plants in a plot have emerged.",PI533998,85.5,1330.0,2014-07-30
Clemson University Pee Dee Research and Education Center,Florence,34.289,-79.737,"Number of days from sowing to the date when 50% of the plants in a plot reach flowering (anthesis), defined as the time when 50% of the anthers on 50% of the plants in a plot have emerged.",PI641824,85.5,1330.0,2014-07-30
Clemson University Pee Dee Research and Education Center,Florence,34.289,-79.737,"Number of days from sowing to the date when 50% of the plants in a plot reach flowering (anthesis), defined as the time when 50% of the anthers on 50% of the plants in a plot have emerged.",PI146890,86.5,1345.0,2014-07-31
Clemson University Pee Dee Research and Education Center,Florence,34.289,-79.737,"Number of days from sowing to the date when 50% of the plants in a plot reach flowering (anthesis), defined as the time when 50% of the anthers on 50% of the plants in a plot have emerged.",PI569090,86.5,1345.0,2014-07-31
Clemson University Pee Dee Research and Education Center,Florence,34.289,-79.737,"Number of days from sowing to the date when 50% of the plants in a plot reach flowering (anthesis), defined as the time when 50% of the anthers on 50% of the plants in a plot have emerged.",PI641850,86.5,1345.0,2014-07-31
Clemson University Pee Dee Research and Education Center,Florence,34.289,-79.737,"Number of days from sowing to the date when 50% of the plants in a plot reach flowering (anthesis), defined as the time when 50% of the anthers on 50% of the plants in a plot have emerged.",PI655983,86.5,1345.0,2014-07-31
Clemson University Pee Dee Research and Education Center,Florence,34.289,-79.737,"Number of days from sowing to the date when 50% of the plants in a plot reach flowering (anthesis), defined as the time when 50% of the anthers on 50% of the plants in a plot have emerged.",PI155760,87.5,1360.0,2014-08-01
Clemson University Pee Dee Research and Education Center,Florence,34.289,-79.737,"Number of days from sowing to the date when 50% of the plants in a plot reach flowering (anthesis), defined as the time when 50% of the anthers on 50% of the plants in a plot have emerged.",PI566819,88.5,1374.0,2014-08-02
Clemson University Pee Dee Research and Education Center,Florence,34.289,-79.737,"Number of days from sowing to the date when 50% of the plants in a plot reach flowering (anthesis), defined as the time when 50% of the anthers on 50% of the plants in a plot have emerged.",PI656026,88.5,1374.0,2014-08-02
Clemson University Pee Dee Research and Education Center,Florence,34.289,-79.737,"Number of days from sowing to the date when 50% of the plants in a plot reach flowering (anthesis), defined as the time when 50% of the anthers on 50% of the plants in a plot have emerged.",PI156890,89.0,1386.0,2014-08-03
Clemson University Pee Dee Research and Education Center,Florence,34.289,-79.737,"Number of days from sowing to the date when 50% of the plants in a plot reach flowering (anthesis), defined as the time when 50% of the anthers on 50% of the plants in a plot have emerged.",PI250583,89.0,1386.0,2014-08-03
Clemson University Pee Dee Research and Education Center,Florence,34.289,-79.737,"Number of days from sowing to the date when 50% of the plants in a plot reach flowering (anthesis), defined as the time when 50% of the anthers on 50% of the plants in a plot have emerged.",PI562717,89.0,1386.0,2014-08-03
Clemson University Pee Dee Research and Education Center,Florence,34.289,-79.737,"Number of days from sowing to the date when 50% of the plants in a plot reach flowering (anthesis), defined as the time when 50% of the anthers on 50% of the plants in a plot have emerged.",PI586541,89.0,1386.0,2014-08-03
Clemson University Pee Dee Research and Education Center,Florence,34.289,-79.737,"Number of days from sowing to the date when 50% of the plants in a plot reach flowering (anthesis), defined as the time when 50% of the anthers on 50% of the plants in a plot have emerged.",PI641807,89.0,1386.0,2014-08-03
Clemson University Pee Dee Research and Education Center,Florence,34.289,-79.737,"Number of days from sowing to the date when 50% of the plants in a plot reach flowering (anthesis), defined as the time when 50% of the anthers on 50% of the plants in a plot have emerged.",PI147224,91.0,1415.0,2014-08-05
Clemson University Pee Dee Research and Education Center,Florence,34.289,-79.737,"Number of days from sowing to the date when 50% of the plants in a plot reach flowering (anthesis), defined as the time when 50% of the anthers on 50% of the plants in a plot have emerged.",PI196583,91.0,1415.0,2014-08-05
Clemson University Pee Dee Research and Education Center,Florence,34.289,-79.737,"Number of days from sowing to the date when 50% of the plants in a plot reach flowering (anthesis), defined as the time when 50% of the anthers on 50% of the plants in a plot have emerged.",PI641892,91.0,1415.0,2014-08-05
Clemson University Pee Dee Research and Education Center,Florence,34.289,-79.737,"Number of days from sowing to the date when 50% of the plants in a plot reach flowering (anthesis), defined as the time when 50% of the anthers on 50% of the plants in a plot have emerged.",PI300118,92.5,1432.0,2014-08-06
Clemson University Pee Dee Research and Education Center,Florence,34.289,-79.737,"Number of days from sowing to the date when 50% of the plants in a plot reach flowering (anthesis), defined as the time when 50% of the anthers on 50% of the plants in a plot have emerged.",PI586435,92.5,1432.0,2014-08-06
Clemson University Pee Dee Research and Education Center,Florence,34.289,-79.737,"Number of days from sowing to the date when 50% of the plants in a plot reach flowering (anthesis), defined as the time when 50% of the anthers on 50% of the plants in a plot have emerged.",PI145619,93.0,1449.0,2014-08-07
Clemson University Pee Dee Research and Education Center,Florence,34.289,-79.737,"Number of days from sowing to the date when 50% of the plants in a plot reach flowering (anthesis), defined as the time when 50% of the anthers on 50% of the plants in a plot have emerged.",PI145626,93.0,1449.0,2014-08-07
Clemson University Pee Dee Research and Education Center,Florence,34.289,-79.737,"Number of days from sowing to the date when 50% of the plants in a plot reach flowering (anthesis), defined as the time when 50% of the anthers on 50% of the plants in a plot have emerged.",PI251672,93.0,1449.0,2014-08-07
Clemson University Pee Dee Research and Education Center,Florence,34.289,-79.737,"Number of days from sowing to the date when 50% of the plants in a plot reach flowering (anthesis), defined as the time when 50% of the anthers on 50% of the plants in a plot have emerged.",PI330199,93.0,1449.0,2014-08-07
Clemson University Pee Dee Research and Education Center,Florence,34.289,-79.737,"Number of days from sowing to the date when 50% of the plants in a plot reach flowering (anthesis), defined as the time when 50% of the anthers on 50% of the plants in a plot have emerged.",PI653616,93.0,1449.0,2014-08-07
Clemson University Pee Dee Research and Education Center,Florence,34.289,-79.737,"Number of days from sowing to the date when 50% of the plants in a plot reach flowering (anthesis), defined as the time when 50% of the anthers on 50% of the plants in a plot have emerged.",PI653617,93.0,1449.0,2014-08-07
Clemson University Pee Dee Research and Education Center,Florence,34.289,-79.737,"Number of days from sowing to the date when 50% of the plants in a plot reach flowering (anthesis), defined as the time when 50% of the anthers on 50% of the plants in a plot have emerged.",PI653616,93.0,1449.0,2014-08-07
Clemson University Pee Dee Research and Education Center,Florence,34.289,-79.737,"Number of days from sowing to the date when 50% of the plants in a plot reach flowering (anthesis), defined as the time when 50% of the anthers on 50% of the plants in a plot have emerged.",PI576401,94.0,1466.0,2014-08-08
Clemson University Pee Dee Research and Education Center,Florence,34.289,-79.737,"Number of days from sowing to the date when 50% of the plants in a plot reach flowering (anthesis), defined as the time when 50% of the anthers on 50% of the plants in a plot have emerged.",PI152651,94.5,1466.0,2014-08-08
Clemson University Pee Dee Research and Education Center,Florence,34.289,-79.737,"Number of days from sowing to the date when 50% of the plants in a plot reach flowering (anthesis), defined as the time when 50% of the anthers on 50% of the plants in a plot have emerged.",PI255744,94.5,1466.0,2014-08-08
Clemson University Pee Dee Research and Education Center,Florence,34.289,-79.737,"Number of days from sowing to the date when 50% of the plants in a plot reach flowering (anthesis), defined as the time when 50% of the anthers on 50% of the plants in a plot have emerged.",PI651495,94.5,1466.0,2014-08-08
Clemson University Pee Dee Research and Education Center,Florence,34.289,-79.737,"Number of days from sowing to the date when 50% of the plants in a plot reach flowering (anthesis), defined as the time when 50% of the anthers on 50% of the plants in a plot have emerged.",PI651496,94.5,1466.0,2014-08-08
Clemson University Pee Dee Research and Education Center,Florence,34.289,-79.737,"Number of days from sowing to the date when 50% of the plants in a plot reach flowering (anthesis), defined as the time when 50% of the anthers on 50% of the plants in a plot have emerged.",RIO,94.5,1466.0,2014-08-08
Clemson University Pee Dee Research and Education Center,Florence,34.289,-79.737,"Number of days from sowing to the date when 50% of the plants in a plot reach flowering (anthesis), defined as the time when 50% of the anthers on 50% of the plants in a plot have emerged.",PI229841,96.0,1496.0,2014-08-10
Clemson University Pee Dee Research and Education Center,Florence,34.289,-79.737,"Number of days from sowing to the date when 50% of the plants in a plot reach flowering (anthesis), defined as the time when 50% of the anthers on 50% of the plants in a plot have emerged.",PI291246,97.0,1511.0,2014-08-11
Clemson University Pee Dee Research and Education Center,Florence,34.289,-79.737,"Number of days from sowing to the date when 50% of the plants in a plot reach flowering (anthesis), defined as the time when 50% of the anthers on 50% of the plants in a plot have emerged.",PI505735,97.0,1511.0,2014-08-11
Clemson University Pee Dee Research and Education Center,Florence,34.289,-79.737,"Number of days from sowing to the date when 50% of the plants in a plot reach flowering (anthesis), defined as the time when 50% of the anthers on 50% of the plants in a plot have emerged.",PI651491,97.0,1511.0,2014-08-11
Clemson University Pee Dee Research and Education Center,Florence,34.289,-79.737,"Number of days from sowing to the date when 50% of the plants in a plot reach flowering (anthesis), defined as the time when 50% of the anthers on 50% of the plants in a plot have emerged.",PI221548,99.5,1544.0,2014-08-13
Clemson University Pee Dee Research and Education Center,Florence,34.289,-79.737,"Number of days from sowing to the date when 50% of the plants in a plot reach flowering (anthesis), defined as the time when 50% of the anthers on 50% of the plants in a plot have emerged.",PI569244,99.5,1544.0,2014-08-13
Clemson University Pee Dee Research and Education Center,Florence,34.289,-79.737,"Number of days from sowing to the date when 50% of the plants in a plot reach flowering (anthesis), defined as the time when 50% of the anthers on 50% of the plants in a plot have emerged.",PI651493,101.0,1572.0,2014-08-15
Clemson University Pee Dee Research and Education Center,Florence,34.289,-79.737,"Number of days from sowing to the date when 50% of the plants in a plot reach flowering (anthesis), defined as the time when 50% of the anthers on 50% of the plants in a plot have emerged.",PI152694,103.0,1604.0,2014-08-17
Clemson University Pee Dee Research and Education Center,Florence,34.289,-79.737,"Number of days from sowing to the date when 50% of the plants in a plot reach flowering (anthesis), defined as the time when 50% of the anthers on 50% of the plants in a plot have emerged.",PI145632,104.0,1621.0,2014-08-18
Clemson University Pee Dee Research and Education Center,Florence,34.289,-79.737,"Number of days from sowing to the date when 50% of the plants in a plot reach flowering (anthesis), defined as the time when 50% of the anthers on 50% of the plants in a plot have emerged.",PI152965,104.0,1621.0,2014-08-18
Clemson University Pee Dee Research and Education Center,Florence,34.289,-79.737,"Number of days from sowing to the date when 50% of the plants in a plot reach flowering (anthesis), defined as the time when 50% of the anthers on 50% of the plants in a plot have emerged.",PI152971,104.0,1621.0,2014-08-18
Clemson University Pee Dee Research and Education Center,Florence,34.289,-79.737,"Number of days from sowing to the date when 50% of the plants in a plot reach flowering (anthesis), defined as the time when 50% of the anthers on 50% of the plants in a plot have emerged.",PI217691,104.0,1621.0,2014-08-18
Clemson University Pee Dee Research and Education Center,Florence,34.289,-79.737,"Number of days from sowing to the date when 50% of the plants in a plot reach flowering (anthesis), defined as the time when 50% of the anthers on 50% of the plants in a plot have emerged.",PI586443,104.0,1621.0,2014-08-18
Clemson University Pee Dee Research and Education Center,Florence,34.289,-79.737,"Number of days from sowing to the date when 50% of the plants in a plot reach flowering (anthesis), defined as the time when 50% of the anthers on 50% of the plants in a plot have emerged.",PI152771,105.0,1639.0,2014-08-19
Clemson University Pee Dee Research and Education Center,Florence,34.289,-79.737,"Number of days from sowing to the date when 50% of the plants in a plot reach flowering (anthesis), defined as the time when 50% of the anthers on 50% of the plants in a plot have emerged.",PI152862,105.0,1639.0,2014-08-19
Clemson University Pee Dee Research and Education Center,Florence,34.289,-79.737,"Number of days from sowing to the date when 50% of the plants in a plot reach flowering (anthesis), defined as the time when 50% of the anthers on 50% of the plants in a plot have emerged.",PI152966,105.0,1639.0,2014-08-19
Clemson University Pee Dee Research and Education Center,Florence,34.289,-79.737,"Number of days from sowing to the date when 50% of the plants in a plot reach flowering (anthesis), defined as the time when 50% of the anthers on 50% of the plants in a plot have emerged.",PI562730,105.0,1639.0,2014-08-19
Clemson University Pee Dee Research and Education Center,Florence,34.289,-79.737,"Number of days from sowing to the date when 50% of the plants in a plot reach flowering (anthesis), defined as the time when 50% of the anthers on 50% of the plants in a plot have emerged.",PI641909,105.0,1639.0,2014-08-19
Clemson University Pee Dee Research and Education Center,Florence,34.289,-79.737,"Number of days from sowing to the date when 50% of the plants in a plot reach flowering (anthesis), defined as the time when 50% of the anthers on 50% of the plants in a plot have emerged.",PI651497,105.0,1639.0,2014-08-19
Clemson University Pee Dee Research and Education Center,Florence,34.289,-79.737,"Number of days from sowing to the date when 50% of the plants in a plot reach flowering (anthesis), defined as the time when 50% of the anthers on 50% of the plants in a plot have emerged.",PI257599,107.0,1674.0,2014-08-21
Clemson University Pee Dee Research and Education Center,Florence,34.289,-79.737,"Number of days from sowing to the date when 50% of the plants in a plot reach flowering (anthesis), defined as the time when 50% of the anthers on 50% of the plants in a plot have emerged.",PI329338,107.0,1674.0,2014-08-21
Clemson University Pee Dee Research and Education Center,Florence,34.289,-79.737,"Number of days from sowing to the date when 50% of the plants in a plot reach flowering (anthesis), defined as the time when 50% of the anthers on 50% of the plants in a plot have emerged.",PI167093,108.0,1693.0,2014-08-22
Clemson University Pee Dee Research and Education Center,Florence,34.289,-79.737,"Number of days from sowing to the date when 50% of the plants in a plot reach flowering (anthesis), defined as the time when 50% of the anthers on 50% of the plants in a plot have emerged.",PI643008,108.0,1693.0,2014-08-22
Clemson University Pee Dee Research and Education Center,Florence,34.289,-79.737,"Number of days from sowing to the date when 50% of the plants in a plot reach flowering (anthesis), defined as the time when 50% of the anthers on 50% of the plants in a plot have emerged.",PI154944,109.0,1712.0,2014-08-23
Clemson University Pee Dee Research and Education Center,Florence,34.289,-79.737,"Number of days from sowing to the date when 50% of the plants in a plot reach flowering (anthesis), defined as the time when 50% of the anthers on 50% of the plants in a plot have emerged.",PI303658,109.0,1712.0,2014-08-23
Clemson University Pee Dee Research and Education Center,Florence,34.289,-79.737,"Number of days from sowing to the date when 50% of the plants in a plot reach flowering (anthesis), defined as the time when 50% of the anthers on 50% of the plants in a plot have emerged.",PI257600,110.0,1730.0,2014-08-24
Clemson University Pee Dee Research and Education Center,Florence,34.289,-79.737,"Number of days from sowing to the date when 50% of the plants in a plot reach flowering (anthesis), defined as the time when 50% of the anthers on 50% of the plants in a plot have emerged.",PI329699,110.0,1730.0,2014-08-24
Clemson University Pee Dee Research and Education Center,Florence,34.289,-79.737,"Number of days from sowing to the date when 50% of the plants in a plot reach flowering (anthesis), defined as the time when 50% of the anthers on 50% of the plants in a plot have emerged.",PI337689,110.0,1730.0,2014-08-24
Clemson University Pee Dee Research and Education Center,Florence,34.289,-79.737,"Number of days from sowing to the date when 50% of the plants in a plot reach flowering (anthesis), defined as the time when 50% of the anthers on 50% of the plants in a plot have emerged.",PI511355,110.0,1730.0,2014-08-24
Clemson University Pee Dee Research and Education Center,Florence,34.289,-79.737,"Number of days from sowing to the date when 50% of the plants in a plot reach flowering (anthesis), defined as the time when 50% of the anthers on 50% of the plants in a plot have emerged.",PI563032,110.0,1730.0,2014-08-24
Clemson University Pee Dee Research and Education Center,Florence,34.289,-79.737,"Number of days from sowing to the date when 50% of the plants in a plot reach flowering (anthesis), defined as the time when 50% of the anthers on 50% of the plants in a plot have emerged.",PI152923,113.0,1770.0,2014-08-27
Clemson University Pee Dee Research and Education Center,Florence,34.289,-79.737,"Number of days from sowing to the date when 50% of the plants in a plot reach flowering (anthesis), defined as the time when 50% of the anthers on 50% of the plants in a plot have emerged.",PI152967,113.0,1770.0,2014-08-27
Clemson University Pee Dee Research and Education Center,Florence,34.289,-79.737,"Number of days from sowing to the date when 50% of the plants in a plot reach flowering (anthesis), defined as the time when 50% of the anthers on 50% of the plants in a plot have emerged.",PI329466,113.0,1770.0,2014-08-27
Clemson University Pee Dee Research and Education Center,Florence,34.289,-79.737,"Number of days from sowing to the date when 50% of the plants in a plot reach flowering (anthesis), defined as the time when 50% of the anthers on 50% of the plants in a plot have emerged.",PI583832,113.0,1770.0,2014-08-27
Clemson University Pee Dee Research and Education Center,Florence,34.289,-79.737,"Number of days from sowing to the date when 50% of the plants in a plot reach flowering (anthesis), defined as the time when 50% of the anthers on 50% of the plants in a plot have emerged.",PI329864,115.0,1800.0,2014-08-29
Clemson University Pee Dee Research and Education Center,Florence,34.289,-79.737,"Number of days from sowing to the date when 50% of the plants in a plot reach flowering (anthesis), defined as the time when 50% of the anthers on 50% of the plants in a plot have emerged.",PI152816,115.0,1800.0,2014-08-29
Clemson University Pee Dee Research and Education Center,Florence,34.289,-79.737,"Number of days from sowing to the date when 50% of the plants in a plot reach flowering (anthesis), defined as the time when 50% of the anthers on 50% of the plants in a plot have emerged.",PI273969,115.0,1800.0,2014-08-29
Clemson University Pee Dee Research and Education Center,Florence,34.289,-79.737,"Number of days from sowing to the date when 50% of the plants in a plot reach flowering (anthesis), defined as the time when 50% of the anthers on 50% of the plants in a plot have emerged.",PI329440,115.0,1800.0,2014-08-29
Clemson University Pee Dee Research and Education Center,Florence,34.289,-79.737,"Number of days from sowing to the date when 50% of the plants in a plot reach flowering (anthesis), defined as the time when 50% of the anthers on 50% of the plants in a plot have emerged.",PI585406,115.0,1800.0,2014-08-29
Clemson University Pee Dee Research and Education Center,Florence,34.289,-79.737,"Number of days from sowing to the date when 50% of the plants in a plot reach flowering (anthesis), defined as the time when 50% of the anthers on 50% of the plants in a plot have emerged.",PI152961,118.0,1853.0,2014-09-01
Clemson University Pee Dee Research and Education Center,Florence,34.289,-79.737,"Number of days from sowing to the date when 50% of the plants in a plot reach flowering (anthesis), defined as the time when 50% of the anthers on 50% of the plants in a plot have emerged.",PI276837,120.0,1890.0,2014-09-03
Clemson University Pee Dee Research and Education Center,Florence,34.289,-79.737,"Number of days from sowing to the date when 50% of the plants in a plot reach flowering (anthesis), defined as the time when 50% of the anthers on 50% of the plants in a plot have emerged.",PI152860,120.0,1890.0,2014-09-03
Clemson University Pee Dee Research and Education Center,Florence,34.289,-79.737,"Number of days from sowing to the date when 50% of the plants in a plot reach flowering (anthesis), defined as the time when 50% of the anthers on 50% of the plants in a plot have emerged.",PI255239,120.0,1890.0,2014-09-03
Clemson University Pee Dee Research and Education Center,Florence,34.289,-79.737,"Number of days from sowing to the date when 50% of the plants in a plot reach flowering (anthesis), defined as the time when 50% of the anthers on 50% of the plants in a plot have emerged.",PI157033,122.0,1926.0,2014-09-05
Clemson University Pee Dee Research and Education Center,Florence,34.289,-79.737,"Number of days from sowing to the date when 50% of the plants in a plot reach flowering (anthesis), defined as the time when 50% of the anthers on 50% of the plants in a plot have emerged.",PI643016,122.0,1926.0,2014-09-05
Clemson University Pee Dee Research and Education Center,Florence,34.289,-79.737,"Number of days from sowing to the date when 50% of the plants in a plot reach flowering (anthesis), defined as the time when 50% of the anthers on 50% of the plants in a plot have emerged.",PI563295,124.0,1960.0,2014-09-07
Clemson University Pee Dee Research and Education Center,Florence,34.289,-79.737,"Number of days from sowing to the date when 50% of the plants in a plot reach flowering (anthesis), defined as the time when 50% of the anthers on 50% of the plants in a plot have emerged.",PI329473,127.0,2002.0,2014-09-10
Clemson University Pee Dee Research and Education Center,Florence,34.289,-79.737,"Number of days from sowing to the date when 50% of the plants in a plot reach flowering (anthesis), defined as the time when 50% of the anthers on 50% of the plants in a plot have emerged.",PI154987,129.0,2034.0,2014-09-12
Clemson University Pee Dee Research and Education Center,Florence,34.289,-79.737,"Number of days from sowing to the date when 50% of the plants in a plot reach flowering (anthesis), defined as the time when 50% of the anthers on 50% of the plants in a plot have emerged.",PI329333,129.0,2034.0,2014-09-12
Clemson University Pee Dee Research and Education Center,Florence,34.289,-79.737,"Number of days from sowing to the date when 50% of the plants in a plot reach flowering (anthesis), defined as the time when 50% of the anthers on 50% of the plants in a plot have emerged.",PI330185,129.0,2034.0,2014-09-12
Clemson University Pee Dee Research and Education Center,Florence,34.289,-79.737,"Number of days from sowing to the date when 50% of the plants in a plot reach flowering (anthesis), defined as the time when 50% of the anthers on 50% of the plants in a plot have emerged.",PI152751,134.0,2102.0,2014-09-17
Clemson University Pee Dee Research and Education Center,Florence,34.289,-79.737,"Number of days from sowing to the date when 50% of the plants in a plot reach flowering (anthesis), defined as the time when 50% of the anthers on 50% of the plants in a plot have emerged.",PI154750,134.0,2102.0,2014-09-17
Clemson University Pee Dee Research and Education Center,Florence,34.289,-79.737,"Number of days from sowing to the date when 50% of the plants in a plot reach flowering (anthesis), defined as the time when 50% of the anthers on 50% of the plants in a plot have emerged.",PI154846,134.0,2102.0,2014-09-17
Clemson University Pee Dee Research and Education Center,Florence,34.289,-79.737,"Number of days from sowing to the date when 50% of the plants in a plot reach flowering (anthesis), defined as the time when 50% of the anthers on 50% of the plants in a plot have emerged.",PI157035,134.0,2102.0,2014-09-17
Clemson University Pee Dee Research and Education Center,Florence,34.289,-79.737,"Number of days from sowing to the date when 50% of the plants in a plot reach flowering (anthesis), defined as the time when 50% of the anthers on 50% of the plants in a plot have emerged.",PI329465,134.0,2102.0,2014-09-17
Clemson University Pee Dee Research and Education Center,Florence,34.289,-79.737,"Number of days from sowing to the date when 50% of the plants in a plot reach flowering (anthesis), defined as the time when 50% of the anthers on 50% of the plants in a plot have emerged.",PI329865,134.0,2102.0,2014-09-17
Clemson University Pee Dee Research and Education Center,Florence,34.289,-79.737,"Number of days from sowing to the date when 50% of the plants in a plot reach flowering (anthesis), defined as the time when 50% of the anthers on 50% of the plants in a plot have emerged.",PI330167,134.0,2102.0,2014-09-17
Clemson University Pee Dee Research and Education Center,Florence,34.289,-79.737,"Number of days from sowing to the date when 50% of the plants in a plot reach flowering (anthesis), defined as the time when 50% of the anthers on 50% of the plants in a plot have emerged.",PI330195,134.0,2102.0,2014-09-17
Clemson University Pee Dee Research and Education Center,Florence,34.289,-79.737,"Number of days from sowing to the date when 50% of the plants in a plot reach flowering (anthesis), defined as the time when 50% of the anthers on 50% of the plants in a plot have emerged.",PI330796,134.0,2102.0,2014-09-17
Clemson University Pee Dee Research and Education Center,Florence,34.289,-79.737,"Number of days from sowing to the date when 50% of the plants in a plot reach flowering (anthesis), defined as the time when 50% of the anthers on 50% of the plants in a plot have emerged.",PI455301,134.0,2102.0,2014-09-17
Clemson University Pee Dee Research and Education Center,Florence,34.289,-79.737,"Number of days from sowing to the date when 50% of the plants in a plot reach flowering (anthesis), defined as the time when 50% of the anthers on 50% of the plants in a plot have emerged.",PI563222,134.0,2102.0,2014-09-17
Clemson University Pee Dee Research and Education Center,Florence,34.289,-79.737,"Number of days from sowing to the date when 50% of the plants in a plot reach flowering (anthesis), defined as the time when 50% of the anthers on 50% of the plants in a plot have emerged.",PI569097,134.0,2102.0,2014-09-17
Clemson University Pee Dee Research and Education Center,Florence,34.289,-79.737,"Number of days from sowing to the date when 50% of the plants in a plot reach flowering (anthesis), defined as the time when 50% of the anthers on 50% of the plants in a plot have emerged.",PI569452,134.0,2102.0,2014-09-17
